benchmark,device,backend,method,n_atoms,n_grid_points,seconds
field,cuda,cell_list,,500,157464,0.011431207996793091
field,cuda,brute,,500,157464,0.014599401038140059
field,cuda,cell_list,,1000,314432,0.02625295298639685
field,cuda,brute,,1000,314432,0.056546644074842334
field,cuda,cell_list,,1728,551368,0.03846901305951178
field,cuda,brute,,1728,551368,0.17083126003853977
field,cuda,cell_list,,4000,1259712,0.08081843506079167
field,cuda,brute,,4000,1259712,0.9013443839503452
field,cuda,cell_list,,8000,2515456,0.21486993902362883
field,cuda,brute,,8000,2515456,3.5970085449516773
field,cuda,cell_list,,16000,5000211,0.33390944392886013
field,cuda,brute,,16000,5000211,14.493945919093676
field,cuda,cell_list,,32000,10077696,0.6717509129084647
field,cuda,brute,,32000,10077696,58.62056120089255
method,cuda,cell_list,all_void,500,157464,0.0009220879292115569
method,cuda,cell_list,covering,500,157464,0.13688471296336502
method,cuda,cell_list,packed,500,157464,0.009649969055317342
method,cuda,cell_list,all_void,1000,314432,0.001471832045353949
method,cuda,cell_list,covering,1000,314432,0.5247705419315025
method,cuda,cell_list,packed,1000,314432,0.019923310028389096
method,cuda,cell_list,all_void,1728,551368,0.002292401040904224
method,cuda,cell_list,covering,1728,551368,1.521289982018061
method,cuda,cell_list,packed,1728,551368,0.04274568101391196
method,cuda,cell_list,all_void,4000,1259712,0.005629127030260861
method,cuda,cell_list,covering,4000,1259712,7.416203337023035
method,cuda,cell_list,packed,4000,1259712,0.1166412680177018
method,cuda,cell_list,all_void,8000,2515456,0.01208712998777628
method,cuda,cell_list,covering,8000,2515456,29.691235161037184
method,cuda,cell_list,packed,8000,2515456,0.2948202040279284
